,open,close
0,2021-07-18 12:52:08,2021-07-18 13:27:43
1,2021-07-18 13:43:09,2021-07-18 13:45:31
2,2021-07-18 14:00:25,2021-07-18 14:03:28
3,2021-07-18 14:08:10,2021-07-18 14:09:29
4,2021-07-20 14:51:31,2021-07-20 14:52:47
5,2021-07-20 15:01:47,2021-07-20 15:04:40
6,2021-07-20 15:10:37,2021-07-20 15:13:24
7,2021-07-30 12:38:14,2021-07-30 12:40:48
8,2021-07-30 12:42:54,2021-07-30 12:47:36
9,2021-07-30 13:00:09,2021-07-30 13:02:45
10,2021-08-01 17:26:10,2021-08-01 17:30:26
19,2021-08-07 15:39:06,2021-08-07 16:07:22
20,2021-10-07 07:51:27,2021-10-07 08:10:55
21,2021-10-07 08:55:14,2021-10-07 08:56:41
22,2021-10-10 13:22:24,2021-10-10 13:57:31
24,2021-10-23 13:06:46,2021-10-23 13:46:09
25,2021-10-23 14:30:27,2021-10-23 14:53:05
26,2021-10-23 14:56:06,2021-10-23 15:02:39
40,2021-11-09 14:07:52,2021-11-09 14:18:19
50,2021-11-20 22:35:00,2021-11-20 22:41:07
55,2021-11-23 09:16:21,2021-11-23 09:47:58
57,2021-11-23 20:30:57,2021-11-23 21:17:37
63,2021-11-28 14:52:34,2021-11-28 15:16:10
65,2021-11-29 14:07:24,2021-11-29 14:45:21
68,2021-12-01 17:10:07,2021-12-01 17:53:05
75,2021-12-10 15:05:29,2021-12-10 15:24:56
77,2021-12-10 19:36:18,2021-12-10 19:39:35
78,2021-12-10 19:50:48,2021-12-10 20:17:21
79,2021-12-10 20:23:57,2021-12-10 20:44:41
95,2021-12-27 14:28:37,2021-12-27 15:10:18
99,2021-12-30 02:05:54,2021-12-30 02:23:57
100,2021-12-30 12:29:06,2021-12-30 12:30:42
101,2021-12-30 12:32:42,2021-12-30 12:34:13
103,2021-12-31 12:41:19,2021-12-31 13:27:52
106,2022-01-04 20:23:17,2022-01-04 20:47:58
114,2022-01-09 21:11:07,2022-01-09 21:22:48
117,2022-01-13 20:50:29,2022-01-13 21:42:12
126,2022-01-22 02:30:43,2022-01-22 02:42:21
129,2022-01-25 17:04:20,2022-01-25 17:31:30
142,2022-02-03 20:26:13,2022-02-03 21:18:34
144,2022-02-06 00:34:41,2022-02-06 01:18:20
147,2022-02-09 18:04:17,2022-02-09 18:34:15
149,2022-02-11 14:13:22,2022-02-11 14:47:23
154,2022-02-13 18:45:01,2022-02-13 19:20:17
164,2022-02-21 23:32:24,2022-02-21 23:36:28
167,2022-02-24 12:04:12,2022-02-24 12:38:40
174,2022-03-04 15:51:57,2022-03-04 15:55:38
175,2022-03-04 18:14:22,2022-03-04 18:49:07
176,2022-03-04 19:57:08,2022-03-04 20:29:33
177,2022-03-05 18:56:33,2022-03-05 19:02:21
184,2022-03-14 16:14:41,2022-03-14 16:42:08
185,2022-03-14 16:46:33,2022-03-14 16:48:20
189,2022-03-17 14:42:38,2022-03-17 15:03:49
191,2022-03-17 18:24:03,2022-03-17 18:31:09
197,2022-03-27 16:01:08,2022-03-27 16:34:55
212,2022-04-08 20:02:35,2022-04-08 20:11:13
213,2022-04-08 20:18:03,2022-04-08 20:33:17
214,2022-04-08 21:05:01,2022-04-08 21:47:06
216,2022-04-11 16:56:16,2022-04-11 17:16:43
220,2022-04-19 17:37:08,2022-04-19 17:51:09
221,2022-04-19 18:28:53,2022-04-19 18:46:21
223,2022-04-19 22:15:43,2022-04-19 23:14:58
245,2022-05-21 17:19:30,2022-05-21 18:11:09
248,2022-05-22 16:21:50,2022-05-22 17:01:08
251,2022-05-29 16:45:41,2022-05-29 16:49:44
252,2022-05-29 17:34:46,2022-05-29 18:04:51
255,2022-05-31 18:54:23,2022-05-31 19:52:17
264,2022-06-18 23:05:57,2022-06-18 23:54:53
269,2022-07-01 23:16:42,2022-07-01 23:49:18
272,2022-07-04 13:55:55,2022-07-04 14:09:29
275,2022-07-05 20:18:54,2022-07-05 20:42:22
281,2022-07-10 16:53:01,2022-07-10 17:39:49
283,2022-07-24 19:51:36,2022-07-24 20:28:05
285,2022-07-29 12:12:54,2022-07-29 12:14:07
291,2022-08-02 20:22:54,2022-08-02 20:55:16
294,2022-08-06 01:02:44,2022-08-06 01:26:47
295,2022-08-09 16:30:11,2022-08-09 16:51:55
296,2022-08-10 19:45:56,2022-08-10 20:30:07
304,2022-08-21 19:37:18,2022-08-21 19:55:11
308,2022-08-25 16:42:06,2022-08-25 17:00:15
310,2022-08-26 16:24:57,2022-08-26 17:07:03
311,2022-08-26 18:25:27,2022-08-26 19:03:08
322,2022-09-08 11:43:50,2022-09-08 11:46:26
332,2022-09-12 21:47:44,2022-09-12 22:41:19
333,2022-09-15 16:52:46,2022-09-15 17:10:59
334,2022-09-15 17:34:45,2022-09-15 18:25:19
345,2022-09-29 18:50:49,2022-09-29 18:56:45
346,2022-09-29 23:02:02,2022-09-29 23:55:37
348,2022-09-30 21:17:19,2022-09-30 22:14:33
351,2022-10-01 18:10:12,2022-10-01 19:04:07
357,2022-10-12 11:45:18,2022-10-12 12:08:28
358,2022-10-12 15:56:14,2022-10-12 16:06:50
360,2022-10-17 23:27:31,2022-10-17 23:46:58
363,2022-10-21 16:13:47,2022-10-21 16:31:01
364,2022-10-21 18:44:31,2022-10-21 18:51:09
372,2022-10-30 20:19:41,2022-10-30 21:11:53
373,2022-10-30 22:25:04,2022-10-30 22:52:41
378,2022-11-06 14:24:59,2022-11-06 14:56:09
379,2022-11-06 15:02:58,2022-11-06 15:27:52
383,2022-11-10 15:27:46,2022-11-10 15:56:30
386,2022-11-11 18:15:05,2022-11-11 18:36:58
393,2022-11-14 19:51:40,2022-11-14 20:11:43
399,2022-11-19 14:48:51,2022-11-19 15:14:45
418,2022-12-13 17:54:22,2022-12-13 18:37:42
427,2022-12-20 13:22:33,2022-12-20 13:50:33
429,2022-12-21 16:12:38,2022-12-21 16:47:02
442,2023-01-01 22:58:05,2023-01-01 23:04:14
462,2023-01-20 14:10:03,2023-01-20 14:53:24
463,2023-01-20 15:00:25,2023-01-20 15:12:41
464,2023-01-20 15:33:31,2023-01-20 15:39:33
474,2023-01-30 22:59:55,2023-01-30 23:40:35
477,2023-01-31 23:51:56,2023-02-01 00:33:44
483,2023-02-08 13:56:53,2023-02-08 13:59:46
484,2023-02-08 14:04:30,2023-02-08 14:09:08
485,2023-02-08 20:51:22,2023-02-08 21:35:37
490,2023-02-11 17:54:17,2023-02-11 18:09:10
492,2023-02-12 10:00:39,2023-02-12 10:10:32
493,2023-02-12 11:56:42,2023-02-12 11:58:50
495,2023-02-17 02:17:32,2023-02-17 02:28:59
497,2023-02-21 03:10:47,2023-02-21 03:19:56
498,2023-02-24 00:28:32,2023-02-24 00:33:53
505,2023-02-28 20:15:29,2023-02-28 20:46:08
508,2023-03-03 20:18:08,2023-03-03 21:03:07
515,2023-03-12 01:06:14,2023-03-12 01:57:02
528,2023-04-01 00:58:56,2023-04-01 01:36:54
529,2023-04-01 18:19:23,2023-04-01 19:07:13
538,2023-04-11 17:49:27,2023-04-11 18:10:11
540,2023-04-13 17:29:26,2023-04-13 18:11:41
541,2023-04-13 18:34:54,2023-04-13 18:47:27
554,2023-04-24 18:58:19,2023-04-24 19:18:05
558,2023-04-26 18:48:27,2023-04-26 19:00:14
559,2023-04-26 19:06:45,2023-04-26 19:08:18
560,2023-04-26 19:21:15,2023-04-26 19:35:54
564,2023-04-28 16:56:29,2023-04-28 17:23:46
565,2023-05-03 18:36:19,2023-05-03 19:33:06
569,2023-05-15 20:06:09,2023-05-15 20:10:41
570,2023-05-15 20:25:28,2023-05-15 20:34:57
572,2023-05-15 22:57:47,2023-05-15 22:59:09
573,2023-05-15 23:07:27,2023-05-15 23:13:58
574,2023-05-15 23:37:55,2023-05-15 23:40:05
576,2023-05-24 18:21:32,2023-05-24 18:22:55
579,2023-05-27 16:45:56,2023-05-27 16:52:52
580,2023-05-27 19:00:49,2023-05-27 19:16:07
581,2023-05-27 19:39:43,2023-05-27 19:42:22
586,2023-06-03 00:40:39,2023-06-03 00:55:32
593,2023-06-23 20:27:50,2023-06-23 20:35:50
596,2023-06-24 23:44:33,2023-06-25 00:19:17
599,2023-06-29 19:48:13,2023-06-29 20:35:55
602,2023-07-04 17:13:55,2023-07-04 17:49:45
610,2023-07-16 19:05:23,2023-07-16 19:30:05
612,2023-07-17 23:27:09,2023-07-17 23:47:59
613,2023-07-18 00:00:56,2023-07-18 00:29:09
614,2023-07-18 19:12:10,2023-07-18 19:34:19
620,2023-07-28 23:18:01,2023-07-28 23:54:47
621,2023-07-30 19:14:22,2023-07-30 19:17:39
625,2023-08-04 17:41:52,2023-08-04 18:36:36
629,2023-08-06 17:43:44,2023-08-06 18:29:47
630,2023-08-06 19:13:51,2023-08-06 19:20:13
631,2023-08-06 20:21:19,2023-08-06 20:35:23
638,2023-08-11 18:00:28,2023-08-11 18:41:09
642,2023-08-16 23:57:07,2023-08-16 23:59:07
663,2023-09-06 01:10:12,2023-09-06 01:44:10
666,2023-09-13 23:20:31,2023-09-13 23:56:36
678,2023-09-24 22:50:59,2023-09-24 23:33:19
684,2023-10-01 19:21:38,2023-10-01 20:14:25
694,2023-10-16 15:52:39,2023-10-16 16:31:20
700,2023-10-23 14:08:46,2023-10-23 15:01:57
702,2023-10-24 19:58:31,2023-10-24 20:11:22
703,2023-10-24 20:24:50,2023-10-24 20:40:18
704,2023-10-24 20:53:41,2023-10-24 20:58:27
705,2023-10-24 21:58:26,2023-10-24 22:03:21
706,2023-10-24 23:10:27,2023-10-24 23:24:52
707,2023-10-24 23:57:03,2023-10-25 00:04:13
715,2023-11-03 23:30:32,2023-11-04 00:22:35
720,2023-11-06 17:48:38,2023-11-06 17:57:29
724,2023-11-10 14:49:20,2023-11-10 15:36:38
728,2023-11-13 20:02:28,2023-11-13 20:04:21
737,2023-11-30 15:13:31,2023-11-30 15:32:25
745,2023-12-07 15:58:14,2023-12-07 16:14:03
758,2023-12-17 23:22:12,2023-12-17 23:41:18
761,2023-12-21 20:23:12,2023-12-21 21:02:14
763,2023-12-23 03:28:46,2023-12-23 03:56:52
765,2023-12-23 18:27:51,2023-12-23 19:23:06
767,2023-12-27 14:32:46,2023-12-27 14:41:22
769,2023-12-28 13:59:13,2023-12-28 14:33:21
775,2023-12-30 22:51:08,2023-12-30 23:38:54
782,2024-01-02 17:50:41,2024-01-02 17:51:55
783,2024-01-03 14:29:44,2024-01-03 14:43:41
784,2024-01-03 19:25:28,2024-01-03 20:05:45
785,2024-01-03 20:44:51,2024-01-03 21:28:24
787,2024-01-04 14:56:46,2024-01-04 15:09:01
793,2024-01-09 00:02:57,2024-01-09 00:45:19
801,2024-01-17 16:15:52,2024-01-17 16:36:54
803,2024-01-18 13:39:53,2024-01-18 14:36:25
805,2024-01-19 20:57:20,2024-01-19 21:37:46
807,2024-01-20 02:54:27,2024-01-20 03:32:41
812,2024-01-28 09:51:58,2024-01-28 10:38:46
814,2024-01-29 02:18:17,2024-01-29 02:38:29
819,2024-02-03 20:46:15,2024-02-03 21:16:28
828,2024-02-23 17:28:25,2024-02-23 17:32:24
836,2024-02-29 12:02:54,2024-02-29 12:32:44
838,2024-03-01 15:37:17,2024-03-01 16:12:59
847,2024-03-10 23:58:06,2024-03-11 00:45:16
848,2024-03-11 00:50:04,2024-03-11 00:52:16
850,2024-03-12 02:34:38,2024-03-12 03:04:56
853,2024-03-21 00:05:49,2024-03-21 00:16:24
854,2024-03-21 18:32:20,2024-03-21 19:21:37
855,2024-03-22 01:56:08,2024-03-22 02:27:43
864,2024-04-03 16:28:08,2024-04-03 16:30:31
866,2024-04-04 01:02:39,2024-04-04 01:04:48
869,2024-04-09 16:41:43,2024-04-09 17:13:14
870,2024-04-09 17:33:01,2024-04-09 17:34:21
880,2024-04-19 23:15:35,2024-04-19 23:17:06
881,2024-04-19 23:25:02,2024-04-20 00:09:38
11,2021-08-01 17:31:22,2021-08-01 18:31:22
12,2021-08-02 22:05:33,2021-08-02 23:05:33
13,2021-08-03 17:43:45,2021-08-03 18:43:45
14,2021-08-04 21:30:43,2021-08-04 22:30:43
15,2021-08-05 16:29:51,2021-08-05 17:29:51
16,2021-08-05 19:22:59,2021-08-05 20:22:59
17,2021-08-05 21:09:43,2021-08-05 22:09:43
18,2021-08-06 21:32:32,2021-08-06 22:32:32
23,2021-10-10 14:34:26,2021-10-10 15:34:26
27,2021-10-27 14:44:46,2021-10-27 15:44:46
28,2021-10-28 14:21:44,2021-10-28 15:21:44
29,2021-10-29 18:01:38,2021-10-29 19:01:38
30,2021-10-30 14:07:09,2021-10-30 15:07:09
31,2021-10-31 14:28:59,2021-10-31 15:28:59
32,2021-11-01 14:18:43,2021-11-01 15:18:43
33,2021-11-01 20:41:19,2021-11-01 21:41:19
34,2021-11-04 20:10:29,2021-11-04 21:10:29
35,2021-11-04 21:56:09,2021-11-04 22:56:09
36,2021-11-05 15:38:33,2021-11-05 16:38:33
37,2021-11-06 14:10:48,2021-11-06 15:10:48
38,2021-11-07 14:23:12,2021-11-07 15:23:12
39,2021-11-08 15:44:55,2021-11-08 16:44:55
41,2021-11-11 14:08:30,2021-11-11 15:08:30
42,2021-11-12 13:47:58,2021-11-12 14:47:58
43,2021-11-13 15:18:06,2021-11-13 16:18:06
44,2021-11-14 13:27:55,2021-11-14 14:27:55
45,2021-11-16 13:26:21,2021-11-16 14:26:21
46,2021-11-16 16:20:58,2021-11-16 17:20:58
47,2021-11-17 14:30:44,2021-11-17 15:30:44
48,2021-11-18 14:20:37,2021-11-18 15:20:37
49,2021-11-20 14:20:53,2021-11-20 15:20:53
51,2021-11-20 22:41:14,2021-11-20 23:41:14
52,2021-11-21 07:25:29,2021-11-21 08:25:29
53,2021-11-21 14:10:15,2021-11-21 15:10:15
54,2021-11-22 13:39:09,2021-11-22 14:39:09
56,2021-11-23 16:59:52,2021-11-23 17:59:52
58,2021-11-24 22:02:49,2021-11-24 23:02:49
59,2021-11-25 15:12:49,2021-11-25 16:12:49
60,2021-11-25 18:13:31,2021-11-25 19:13:31
61,2021-11-26 13:38:10,2021-11-26 14:38:10
62,2021-11-26 16:21:33,2021-11-26 17:21:33
64,2021-11-28 23:41:10,2021-11-29 00:41:10
66,2021-11-30 14:21:17,2021-11-30 15:21:17
67,2021-12-01 13:39:57,2021-12-01 14:39:57
69,2021-12-02 17:57:05,2021-12-02 18:57:05
70,2021-12-03 13:50:28,2021-12-03 14:50:28
71,2021-12-04 13:47:59,2021-12-04 14:47:59
72,2021-12-05 14:47:37,2021-12-05 15:47:37
73,2021-12-06 14:35:40,2021-12-06 15:35:40
74,2021-12-07 14:01:02,2021-12-07 15:01:02
76,2021-12-10 18:11:02,2021-12-10 19:11:02
80,2021-12-10 20:48:12,2021-12-10 21:48:12
81,2021-12-11 13:44:57,2021-12-11 14:44:57
82,2021-12-11 16:31:40,2021-12-11 17:31:40
83,2021-12-12 14:59:43,2021-12-12 15:59:43
84,2021-12-13 13:37:08,2021-12-13 14:37:08
85,2021-12-13 23:24:14,2021-12-14 00:24:14
86,2021-12-14 15:56:47,2021-12-14 16:56:47
87,2021-12-15 14:06:53,2021-12-15 15:06:53
88,2021-12-16 14:14:42,2021-12-16 15:14:42
89,2021-12-19 13:27:35,2021-12-19 14:27:35
90,2021-12-19 20:30:21,2021-12-19 21:30:21
91,2021-12-22 22:08:47,2021-12-22 23:08:47
92,2021-12-23 15:23:00,2021-12-23 16:23:00
93,2021-12-24 13:14:19,2021-12-24 14:14:19
94,2021-12-26 13:43:14,2021-12-26 14:43:14
96,2021-12-27 18:54:01,2021-12-27 19:54:01
97,2021-12-28 14:46:06,2021-12-28 15:46:06
98,2021-12-29 14:29:17,2021-12-29 15:29:17
102,2021-12-30 13:31:44,2021-12-30 14:31:44
104,2021-12-31 14:14:55,2021-12-31 15:14:55
105,2022-01-01 15:34:16,2022-01-01 16:34:16
107,2022-01-04 21:10:31,2022-01-04 22:10:31
108,2022-01-05 20:00:29,2022-01-05 21:00:29
109,2022-01-06 00:56:49,2022-01-06 01:56:49
110,2022-01-06 15:43:09,2022-01-06 16:43:09
111,2022-01-07 22:16:27,2022-01-07 23:16:27
112,2022-01-08 13:40:47,2022-01-08 14:40:47
113,2022-01-09 15:13:01,2022-01-09 16:13:01
115,2022-01-10 19:11:13,2022-01-10 20:11:13
116,2022-01-12 18:33:03,2022-01-12 19:33:03
118,2022-01-13 22:37:23,2022-01-13 23:37:23
119,2022-01-14 15:41:04,2022-01-14 16:41:04
120,2022-01-14 22:02:54,2022-01-14 23:02:54
121,2022-01-16 20:12:37,2022-01-16 21:12:37
122,2022-01-17 15:10:15,2022-01-17 16:10:15
123,2022-01-19 18:50:13,2022-01-19 19:50:13
124,2022-01-20 18:56:43,2022-01-20 19:56:43
125,2022-01-21 15:12:31,2022-01-21 16:12:31
127,2022-01-22 17:47:30,2022-01-22 18:47:30
128,2022-01-25 15:30:52,2022-01-25 16:30:52
130,2022-01-25 19:10:03,2022-01-25 20:10:03
131,2022-01-26 15:12:04,2022-01-26 16:12:04
132,2022-01-27 19:08:10,2022-01-27 20:08:10
133,2022-01-28 14:50:20,2022-01-28 15:50:20
134,2022-01-28 18:31:12,2022-01-28 19:31:12
135,2022-01-29 17:04:17,2022-01-29 18:04:17
136,2022-01-30 14:47:09,2022-01-30 15:47:09
137,2022-01-31 14:10:51,2022-01-31 15:10:51
138,2022-02-01 14:20:02,2022-02-01 15:20:02
139,2022-02-01 23:52:19,2022-02-02 00:52:19
140,2022-02-02 21:44:00,2022-02-02 22:44:00
141,2022-02-03 15:08:57,2022-02-03 16:08:57
143,2022-02-05 14:09:29,2022-02-05 15:09:29
145,2022-02-06 21:25:48,2022-02-06 22:25:48
146,2022-02-07 20:36:56,2022-02-07 21:36:56
148,2022-02-10 15:33:43,2022-02-10 16:33:43
150,2022-02-11 18:38:11,2022-02-11 19:38:11
151,2022-02-11 20:29:40,2022-02-11 21:29:40
152,2022-02-12 14:28:40,2022-02-12 15:28:40
153,2022-02-12 15:55:42,2022-02-12 16:55:42
155,2022-02-13 21:09:36,2022-02-13 22:09:36
156,2022-02-14 17:15:01,2022-02-14 18:15:01
157,2022-02-15 01:27:02,2022-02-15 02:27:02
158,2022-02-15 14:30:57,2022-02-15 15:30:57
159,2022-02-17 14:32:39,2022-02-17 15:32:39
160,2022-02-18 14:28:10,2022-02-18 15:28:10
161,2022-02-20 00:35:47,2022-02-20 01:35:47
162,2022-02-20 15:40:35,2022-02-20 16:40:35
163,2022-02-20 18:02:10,2022-02-20 19:02:10
165,2022-02-22 14:41:56,2022-02-22 15:41:56
166,2022-02-23 14:30:53,2022-02-23 15:30:53
168,2022-02-24 15:26:01,2022-02-24 16:26:01
169,2022-02-25 15:20:45,2022-02-25 16:20:45
170,2022-02-28 01:08:41,2022-02-28 02:08:41
171,2022-02-28 15:41:44,2022-02-28 16:41:44
172,2022-02-28 19:46:06,2022-02-28 20:46:06
173,2022-03-02 15:49:13,2022-03-02 16:49:13
178,2022-03-05 20:25:07,2022-03-05 21:25:07
179,2022-03-06 17:31:17,2022-03-06 18:31:17
180,2022-03-06 22:30:57,2022-03-06 23:30:57
181,2022-03-07 14:42:55,2022-03-07 15:42:55
182,2022-03-12 20:04:12,2022-03-12 21:04:12
183,2022-03-13 18:03:49,2022-03-13 19:03:49
186,2022-03-14 17:30:54,2022-03-14 18:30:54
187,2022-03-14 18:46:44,2022-03-14 19:46:44
188,2022-03-16 22:14:26,2022-03-16 23:14:26
190,2022-03-17 15:08:04,2022-03-17 16:08:04
192,2022-03-18 00:00:27,2022-03-18 01:00:27
193,2022-03-20 16:54:55,2022-03-20 17:54:55
194,2022-03-21 15:08:24,2022-03-21 16:08:24
195,2022-03-23 19:26:53,2022-03-23 20:26:53
196,2022-03-26 22:53:38,2022-03-26 23:53:38
198,2022-03-28 16:25:44,2022-03-28 17:25:44
199,2022-03-29 00:02:57,2022-03-29 01:02:57
200,2022-03-29 17:12:01,2022-03-29 18:12:01
201,2022-03-30 18:17:53,2022-03-30 19:17:53
202,2022-03-31 17:03:37,2022-03-31 18:03:37
203,2022-04-01 20:15:49,2022-04-01 21:15:49
204,2022-04-01 23:56:38,2022-04-02 00:56:38
205,2022-04-02 16:35:15,2022-04-02 17:35:15
206,2022-04-03 22:59:32,2022-04-03 23:59:32
207,2022-04-04 15:26:59,2022-04-04 16:26:59
208,2022-04-04 19:01:51,2022-04-04 20:01:51
209,2022-04-04 21:10:48,2022-04-04 22:10:48
210,2022-04-04 23:11:56,2022-04-05 00:11:56
211,2022-04-07 16:35:13,2022-04-07 17:35:13
215,2022-04-09 15:45:02,2022-04-09 16:45:02
217,2022-04-12 21:37:13,2022-04-12 22:37:13
218,2022-04-13 21:07:49,2022-04-13 22:07:49
219,2022-04-16 23:53:26,2022-04-17 00:53:26
222,2022-04-19 19:36:02,2022-04-19 20:36:02
224,2022-04-19 23:25:28,2022-04-20 00:25:28
225,2022-04-21 21:12:33,2022-04-21 22:12:33
226,2022-04-22 23:52:11,2022-04-23 00:52:11
227,2022-04-23 16:27:56,2022-04-23 17:27:56
228,2022-04-24 16:18:55,2022-04-24 17:18:55
229,2022-04-25 17:15:07,2022-04-25 18:15:07
230,2022-04-26 21:43:28,2022-04-26 22:43:28
231,2022-04-27 17:07:00,2022-04-27 18:07:00
232,2022-04-28 21:23:20,2022-04-28 22:23:20
233,2022-04-29 22:05:30,2022-04-29 23:05:30
234,2022-05-03 17:23:03,2022-05-03 18:23:03
235,2022-05-09 19:44:36,2022-05-09 20:44:36
236,2022-05-12 23:36:45,2022-05-13 00:36:45
237,2022-05-13 16:29:32,2022-05-13 17:29:32
238,2022-05-13 23:00:07,2022-05-14 00:00:07
239,2022-05-14 17:49:53,2022-05-14 18:49:53
240,2022-05-15 16:57:24,2022-05-15 17:57:24
241,2022-05-15 21:15:10,2022-05-15 22:15:10
242,2022-05-17 22:36:58,2022-05-17 23:36:58
243,2022-05-18 16:55:24,2022-05-18 17:55:24
244,2022-05-20 22:18:26,2022-05-20 23:18:26
246,2022-05-21 18:15:18,2022-05-21 19:15:18
247,2022-05-21 21:04:31,2022-05-21 22:04:31
249,2022-05-22 17:03:28,2022-05-22 18:03:28
250,2022-05-28 16:38:54,2022-05-28 17:38:54
253,2022-05-29 21:02:05,2022-05-29 22:02:05
254,2022-05-30 19:02:58,2022-05-30 20:02:58
256,2022-05-31 20:32:21,2022-05-31 21:32:21
257,2022-05-31 22:54:22,2022-05-31 23:54:22
258,2022-06-01 18:01:17,2022-06-01 19:01:17
259,2022-06-02 17:30:01,2022-06-02 18:30:01
260,2022-06-02 20:49:20,2022-06-02 21:49:20
261,2022-06-03 17:10:57,2022-06-03 18:10:57
262,2022-06-05 17:34:30,2022-06-05 18:34:30
263,2022-06-11 17:18:29,2022-06-11 18:18:29
265,2022-06-19 23:26:08,2022-06-20 00:26:08
266,2022-06-20 16:51:23,2022-06-20 17:51:23
267,2022-06-29 21:39:09,2022-06-29 22:39:09
268,2022-06-30 19:26:01,2022-06-30 20:26:01
270,2022-07-02 19:11:13,2022-07-02 20:11:13
271,2022-07-02 22:12:50,2022-07-02 23:12:50
273,2022-07-04 18:34:19,2022-07-04 19:34:19
274,2022-07-05 17:42:12,2022-07-05 18:42:12
276,2022-07-05 21:18:06,2022-07-05 22:18:06
277,2022-07-06 18:56:23,2022-07-06 19:56:23
278,2022-07-07 22:09:44,2022-07-07 23:09:44
279,2022-07-08 19:10:02,2022-07-08 20:10:02
280,2022-07-09 17:33:24,2022-07-09 18:33:24
282,2022-07-22 23:42:02,2022-07-23 00:42:02
284,2022-07-29 01:48:38,2022-07-29 02:48:38
286,2022-07-29 19:58:07,2022-07-29 20:58:07
287,2022-07-30 17:44:20,2022-07-30 18:44:20
288,2022-07-31 21:19:13,2022-07-31 22:19:13
289,2022-08-01 18:28:44,2022-08-01 19:28:44
290,2022-08-01 22:36:04,2022-08-01 23:36:04
292,2022-08-03 18:41:07,2022-08-03 19:41:07
293,2022-08-05 22:17:07,2022-08-05 23:17:07
297,2022-08-10 22:20:09,2022-08-10 23:20:09
298,2022-08-11 23:09:55,2022-08-12 00:09:55
299,2022-08-12 23:26:46,2022-08-13 00:26:46
300,2022-08-13 22:27:57,2022-08-13 23:27:57
301,2022-08-14 16:37:36,2022-08-14 17:37:36
302,2022-08-15 22:18:06,2022-08-15 23:18:06
303,2022-08-21 17:49:54,2022-08-21 18:49:54
305,2022-08-22 20:44:48,2022-08-22 21:44:48
306,2022-08-23 21:00:47,2022-08-23 22:00:47
307,2022-08-24 21:15:31,2022-08-24 22:15:31
309,2022-08-25 18:56:11,2022-08-25 19:56:11
312,2022-08-26 19:05:13,2022-08-26 20:05:13
313,2022-08-27 15:53:28,2022-08-27 16:53:28
314,2022-08-29 18:13:20,2022-08-29 19:13:20
315,2022-08-29 21:11:57,2022-08-29 22:11:57
316,2022-08-30 21:05:22,2022-08-30 22:05:22
317,2022-08-31 17:36:12,2022-08-31 18:36:12
318,2022-09-01 17:35:07,2022-09-01 18:35:07
319,2022-09-02 16:57:03,2022-09-02 17:57:03
320,2022-09-02 23:28:37,2022-09-03 00:28:37
321,2022-09-03 17:52:53,2022-09-03 18:52:53
323,2022-09-08 11:46:36,2022-09-08 12:46:36
324,2022-09-08 18:45:15,2022-09-08 19:45:15
325,2022-09-09 00:09:27,2022-09-09 01:09:27
326,2022-09-09 15:05:02,2022-09-09 16:05:02
327,2022-09-09 17:47:47,2022-09-09 18:47:47
328,2022-09-10 16:23:54,2022-09-10 17:23:54
329,2022-09-10 21:41:09,2022-09-10 22:41:09
330,2022-09-11 14:39:50,2022-09-11 15:39:50
331,2022-09-12 13:56:12,2022-09-12 14:56:12
335,2022-09-15 20:42:34,2022-09-15 21:42:34
336,2022-09-16 18:31:35,2022-09-16 19:31:35
337,2022-09-17 15:44:59,2022-09-17 16:44:59
338,2022-09-18 15:21:12,2022-09-18 16:21:12
339,2022-09-20 16:20:35,2022-09-20 17:20:35
340,2022-09-22 18:27:28,2022-09-22 19:27:28
341,2022-09-24 18:03:57,2022-09-24 19:03:57
342,2022-09-26 00:43:22,2022-09-26 01:43:22
343,2022-09-26 15:07:00,2022-09-26 16:07:00
344,2022-09-27 16:22:21,2022-09-27 17:22:21
347,2022-09-30 18:52:52,2022-09-30 19:52:52
349,2022-09-30 22:26:03,2022-09-30 23:26:03
350,2022-10-01 15:00:47,2022-10-01 16:00:47
352,2022-10-01 19:09:05,2022-10-01 20:09:05
353,2022-10-02 16:15:31,2022-10-02 17:15:31
354,2022-10-06 21:47:16,2022-10-06 22:47:16
355,2022-10-07 16:00:29,2022-10-07 17:00:29
356,2022-10-11 22:05:05,2022-10-11 23:05:05
359,2022-10-16 18:23:19,2022-10-16 19:23:19
361,2022-10-18 14:20:03,2022-10-18 15:20:03
362,2022-10-19 18:44:57,2022-10-19 19:44:57
365,2022-10-21 19:26:34,2022-10-21 20:26:34
366,2022-10-22 14:15:34,2022-10-22 15:15:34
367,2022-10-22 17:42:00,2022-10-22 18:42:00
368,2022-10-24 17:20:45,2022-10-24 18:20:45
369,2022-10-25 22:17:57,2022-10-25 23:17:57
370,2022-10-29 18:50:22,2022-10-29 19:50:22
371,2022-10-30 14:53:20,2022-10-30 15:53:20
374,2022-11-01 00:37:26,2022-11-01 01:37:26
375,2022-11-01 14:07:37,2022-11-01 15:07:37
376,2022-11-01 18:25:47,2022-11-01 19:25:47
377,2022-11-03 23:49:13,2022-11-04 00:49:13
380,2022-11-06 16:52:04,2022-11-06 17:52:04
381,2022-11-07 13:58:13,2022-11-07 14:58:13
382,2022-11-08 14:09:16,2022-11-08 15:09:16
384,2022-11-10 16:25:41,2022-11-10 17:25:41
385,2022-11-10 19:23:09,2022-11-10 20:23:09
387,2022-11-11 18:43:49,2022-11-11 19:43:49
388,2022-11-12 14:33:23,2022-11-12 15:33:23
389,2022-11-13 14:45:36,2022-11-13 15:45:36
390,2022-11-13 19:30:05,2022-11-13 20:30:05
391,2022-11-14 14:37:50,2022-11-14 15:37:50
392,2022-11-14 17:51:58,2022-11-14 18:51:58
394,2022-11-14 21:38:58,2022-11-14 22:38:58
395,2022-11-15 13:44:09,2022-11-15 14:44:09
396,2022-11-17 14:54:17,2022-11-17 15:54:17
397,2022-11-18 16:22:25,2022-11-18 17:22:25
398,2022-11-18 18:27:21,2022-11-18 19:27:21
400,2022-11-22 12:59:22,2022-11-22 13:59:22
401,2022-11-23 13:17:46,2022-11-23 14:17:46
402,2022-11-23 16:48:48,2022-11-23 17:48:48
403,2022-11-23 18:53:24,2022-11-23 19:53:24
404,2022-11-24 13:43:41,2022-11-24 14:43:41
405,2022-11-25 14:17:17,2022-11-25 15:17:17
406,2022-11-28 20:45:00,2022-11-28 21:45:00
407,2022-11-29 17:44:52,2022-11-29 18:44:52
408,2022-11-30 13:11:34,2022-11-30 14:11:34
409,2022-12-01 14:30:20,2022-12-01 15:30:20
410,2022-12-06 13:01:47,2022-12-06 14:01:47
411,2022-12-07 13:57:09,2022-12-07 14:57:09
412,2022-12-08 14:14:57,2022-12-08 15:14:57
413,2022-12-09 13:33:04,2022-12-09 14:33:04
414,2022-12-10 13:33:12,2022-12-10 14:33:12
415,2022-12-11 17:45:41,2022-12-11 18:45:41
416,2022-12-12 14:17:56,2022-12-12 15:17:56
417,2022-12-12 20:09:03,2022-12-12 21:09:03
419,2022-12-13 21:21:44,2022-12-13 22:21:44
420,2022-12-14 19:34:10,2022-12-14 20:34:10
421,2022-12-15 13:49:41,2022-12-15 14:49:41
422,2022-12-16 14:11:08,2022-12-16 15:11:08
423,2022-12-16 16:33:45,2022-12-16 17:33:45
424,2022-12-16 21:43:25,2022-12-16 22:43:25
425,2022-12-17 14:21:52,2022-12-17 15:21:52
426,2022-12-18 14:36:02,2022-12-18 15:36:02
428,2022-12-20 14:02:35,2022-12-20 15:02:35
430,2022-12-21 17:56:19,2022-12-21 18:56:19
431,2022-12-22 13:03:10,2022-12-22 14:03:10
432,2022-12-23 13:38:24,2022-12-23 14:38:24
433,2022-12-24 13:50:57,2022-12-24 14:50:57
434,2022-12-25 13:38:36,2022-12-25 14:38:36
435,2022-12-26 16:32:38,2022-12-26 17:32:38
436,2022-12-27 12:18:21,2022-12-27 13:18:21
437,2022-12-29 14:10:19,2022-12-29 15:10:19
438,2022-12-29 21:35:26,2022-12-29 22:35:26
439,2022-12-30 13:38:39,2022-12-30 14:38:39
440,2022-12-31 14:31:57,2022-12-31 15:31:57
441,2023-01-01 17:35:15,2023-01-01 18:35:15
443,2023-01-02 13:19:39,2023-01-02 14:19:39
444,2023-01-02 21:40:32,2023-01-02 22:40:32
445,2023-01-03 13:13:28,2023-01-03 14:13:28
446,2023-01-04 14:12:17,2023-01-04 15:12:17
447,2023-01-05 13:26:52,2023-01-05 14:26:52
448,2023-01-06 21:21:34,2023-01-06 22:21:34
449,2023-01-08 16:05:46,2023-01-08 17:05:46
450,2023-01-08 22:28:46,2023-01-08 23:28:46
451,2023-01-09 13:24:27,2023-01-09 14:24:27
452,2023-01-10 13:49:06,2023-01-10 14:49:06
453,2023-01-11 13:22:34,2023-01-11 14:22:34
454,2023-01-12 13:08:04,2023-01-12 14:08:04
455,2023-01-13 13:09:52,2023-01-13 14:09:52
456,2023-01-14 13:48:36,2023-01-14 14:48:36
457,2023-01-15 14:09:09,2023-01-15 15:09:09
458,2023-01-16 13:44:40,2023-01-16 14:44:40
459,2023-01-17 14:05:15,2023-01-17 15:05:15
460,2023-01-18 13:54:32,2023-01-18 14:54:32
461,2023-01-19 14:11:06,2023-01-19 15:11:06
465,2023-01-20 16:42:30,2023-01-20 17:42:30
466,2023-01-21 14:08:33,2023-01-21 15:08:33
467,2023-01-22 13:58:55,2023-01-22 14:58:55
468,2023-01-23 14:10:20,2023-01-23 15:10:20
469,2023-01-24 13:11:00,2023-01-24 14:11:00
470,2023-01-25 14:12:25,2023-01-25 15:12:25
471,2023-01-26 13:52:28,2023-01-26 14:52:28
472,2023-01-27 14:41:31,2023-01-27 15:41:31
473,2023-01-29 22:29:54,2023-01-29 23:29:54
475,2023-01-31 00:09:27,2023-01-31 01:09:27
476,2023-01-31 14:03:20,2023-01-31 15:03:20
478,2023-02-01 18:17:01,2023-02-01 19:17:01
479,2023-02-03 13:17:50,2023-02-03 14:17:50
480,2023-02-03 18:57:35,2023-02-03 19:57:35
481,2023-02-04 19:19:36,2023-02-04 20:19:36
482,2023-02-05 14:43:49,2023-02-05 15:43:49
486,2023-02-09 13:24:14,2023-02-09 14:24:14
487,2023-02-09 18:43:16,2023-02-09 19:43:16
488,2023-02-10 22:38:26,2023-02-10 23:38:26
489,2023-02-11 15:21:03,2023-02-11 16:21:03
491,2023-02-11 18:20:58,2023-02-11 19:20:58
494,2023-02-12 16:05:31,2023-02-12 17:05:31
496,2023-02-17 20:26:22,2023-02-17 21:26:22
499,2023-02-24 14:55:46,2023-02-24 15:55:46
500,2023-02-25 14:45:55,2023-02-25 15:45:55
501,2023-02-26 22:04:15,2023-02-26 23:04:15
502,2023-02-27 14:56:21,2023-02-27 15:56:21
503,2023-02-27 22:31:37,2023-02-27 23:31:37
504,2023-02-28 17:51:20,2023-02-28 18:51:20
506,2023-03-02 16:47:20,2023-03-02 17:47:20
507,2023-03-02 21:12:28,2023-03-02 22:12:28
509,2023-03-07 18:54:13,2023-03-07 19:54:13
510,2023-03-08 14:36:55,2023-03-08 15:36:55
511,2023-03-09 14:47:15,2023-03-09 15:47:15
512,2023-03-09 17:44:58,2023-03-09 18:44:58
513,2023-03-10 21:09:46,2023-03-10 22:09:46
514,2023-03-11 00:39:38,2023-03-11 01:39:38
516,2023-03-12 17:21:27,2023-03-12 18:21:27
517,2023-03-14 16:51:04,2023-03-14 17:51:04
518,2023-03-14 23:22:16,2023-03-15 00:22:16
519,2023-03-15 16:25:36,2023-03-15 17:25:36
520,2023-03-16 16:19:28,2023-03-16 17:19:28
521,2023-03-22 18:08:02,2023-03-22 19:08:02
522,2023-03-25 21:52:05,2023-03-25 22:52:05
523,2023-03-26 19:48:31,2023-03-26 20:48:31
524,2023-03-28 14:56:03,2023-03-28 15:56:03
525,2023-03-28 18:40:46,2023-03-28 19:40:46
526,2023-03-28 22:24:16,2023-03-28 23:24:16
527,2023-03-31 22:27:17,2023-03-31 23:27:17
530,2023-04-01 21:22:14,2023-04-01 22:22:14
531,2023-04-02 15:41:30,2023-04-02 16:41:30
532,2023-04-02 20:28:45,2023-04-02 21:28:45
533,2023-04-03 17:03:22,2023-04-03 18:03:22
534,2023-04-03 19:21:54,2023-04-03 20:21:54
535,2023-04-04 15:52:51,2023-04-04 16:52:51
536,2023-04-09 21:52:47,2023-04-09 22:52:47
537,2023-04-10 21:58:58,2023-04-10 22:58:58
539,2023-04-11 19:17:04,2023-04-11 20:17:04
542,2023-04-13 19:10:04,2023-04-13 20:10:04
543,2023-04-14 15:59:47,2023-04-14 16:59:47
544,2023-04-15 17:22:14,2023-04-15 18:22:14
545,2023-04-16 15:53:45,2023-04-16 16:53:45
546,2023-04-17 17:44:34,2023-04-17 18:44:34
547,2023-04-18 18:09:05,2023-04-18 19:09:05
548,2023-04-18 20:29:22,2023-04-18 21:29:22
549,2023-04-19 17:13:42,2023-04-19 18:13:42
550,2023-04-22 00:02:56,2023-04-22 01:02:56
551,2023-04-22 16:45:08,2023-04-22 17:45:08
552,2023-04-23 16:46:02,2023-04-23 17:46:02
553,2023-04-23 19:28:43,2023-04-23 20:28:43
555,2023-04-24 21:07:14,2023-04-24 22:07:14
556,2023-04-24 22:25:33,2023-04-24 23:25:33
557,2023-04-25 22:49:01,2023-04-25 23:49:01
561,2023-04-26 20:17:13,2023-04-26 21:17:13
562,2023-04-27 16:55:45,2023-04-27 17:55:45
563,2023-04-27 22:30:28,2023-04-27 23:30:28
566,2023-05-04 17:26:52,2023-05-04 18:26:52
567,2023-05-05 21:36:10,2023-05-05 22:36:10
568,2023-05-06 17:53:38,2023-05-06 18:53:38
571,2023-05-15 20:53:45,2023-05-15 21:53:45
575,2023-05-22 22:37:44,2023-05-22 23:37:44
577,2023-05-24 19:12:41,2023-05-24 20:12:41
578,2023-05-26 22:43:05,2023-05-26 23:43:05
582,2023-05-27 19:51:05,2023-05-27 20:51:05
583,2023-05-30 21:50:11,2023-05-30 22:50:11
584,2023-06-01 00:01:03,2023-06-01 01:01:03
585,2023-06-02 00:19:39,2023-06-02 01:19:39
587,2023-06-11 22:48:31,2023-06-11 23:48:31
588,2023-06-14 17:53:04,2023-06-14 18:53:04
589,2023-06-14 19:21:07,2023-06-14 20:21:07
590,2023-06-18 22:06:04,2023-06-18 23:06:04
591,2023-06-21 19:15:23,2023-06-21 20:15:23
592,2023-06-22 23:01:58,2023-06-23 00:01:58
594,2023-06-23 22:36:23,2023-06-23 23:36:23
595,2023-06-24 17:14:33,2023-06-24 18:14:33
597,2023-06-25 17:52:39,2023-06-25 18:52:39
598,2023-06-26 19:19:15,2023-06-26 20:19:15
600,2023-07-02 22:58:51,2023-07-02 23:58:51
601,2023-07-03 20:17:23,2023-07-03 21:17:23
603,2023-07-04 20:47:09,2023-07-04 21:47:09
604,2023-07-05 16:37:58,2023-07-05 17:37:58
605,2023-07-06 20:34:01,2023-07-06 21:34:01
606,2023-07-11 17:13:29,2023-07-11 18:13:29
607,2023-07-12 21:33:44,2023-07-12 22:33:44
608,2023-07-13 18:00:21,2023-07-13 19:00:21
609,2023-07-14 17:25:42,2023-07-14 18:25:42
611,2023-07-16 21:28:31,2023-07-16 22:28:31
615,2023-07-18 21:13:13,2023-07-18 22:13:13
616,2023-07-22 22:18:58,2023-07-22 23:18:58
617,2023-07-25 22:56:20,2023-07-25 23:56:20
618,2023-07-26 20:11:34,2023-07-26 21:11:34
619,2023-07-27 15:47:26,2023-07-27 16:47:26
622,2023-07-31 23:09:33,2023-08-01 00:09:33
623,2023-08-01 20:40:16,2023-08-01 21:40:16
624,2023-08-02 18:53:55,2023-08-02 19:53:55
626,2023-08-04 18:57:33,2023-08-04 19:57:33
627,2023-08-05 20:30:17,2023-08-05 21:30:17
628,2023-08-05 23:36:38,2023-08-06 00:36:38
632,2023-08-06 20:53:11,2023-08-06 21:53:11
633,2023-08-07 16:04:26,2023-08-07 17:04:26
634,2023-08-07 21:07:17,2023-08-07 22:07:17
635,2023-08-08 18:15:32,2023-08-08 19:15:32
636,2023-08-08 21:04:14,2023-08-08 22:04:14
637,2023-08-10 20:23:37,2023-08-10 21:23:37
639,2023-08-15 18:17:46,2023-08-15 19:17:46
640,2023-08-15 23:04:56,2023-08-16 00:04:56
641,2023-08-16 20:07:39,2023-08-16 21:07:39
643,2023-08-17 17:47:20,2023-08-17 18:47:20
644,2023-08-18 17:28:23,2023-08-18 18:28:23
645,2023-08-19 17:19:20,2023-08-19 18:19:20
646,2023-08-20 17:17:19,2023-08-20 18:17:19
647,2023-08-21 17:43:04,2023-08-21 18:43:04
648,2023-08-21 21:39:05,2023-08-21 22:39:05
649,2023-08-22 18:14:38,2023-08-22 19:14:38
650,2023-08-25 18:12:50,2023-08-25 19:12:50
651,2023-08-26 17:56:34,2023-08-26 18:56:34
652,2023-08-26 23:53:34,2023-08-27 00:53:34
653,2023-08-27 16:18:05,2023-08-27 17:18:05
654,2023-08-28 16:40:46,2023-08-28 17:40:46
655,2023-08-29 22:54:07,2023-08-29 23:54:07
656,2023-08-30 16:20:23,2023-08-30 17:20:23
657,2023-08-30 21:10:40,2023-08-30 22:10:40
658,2023-08-31 16:26:38,2023-08-31 17:26:38
659,2023-09-01 17:44:41,2023-09-01 18:44:41
660,2023-09-02 18:04:51,2023-09-02 19:04:51
661,2023-09-04 21:05:45,2023-09-04 22:05:45
662,2023-09-05 22:08:22,2023-09-05 23:08:22
664,2023-09-10 16:33:06,2023-09-10 17:33:06
665,2023-09-11 18:41:27,2023-09-11 19:41:27
667,2023-09-14 16:48:47,2023-09-14 17:48:47
668,2023-09-14 18:27:58,2023-09-14 19:27:58
669,2023-09-15 18:49:22,2023-09-15 19:49:22
670,2023-09-17 20:09:46,2023-09-17 21:09:46
671,2023-09-19 19:02:35,2023-09-19 20:02:35
672,2023-09-20 15:26:51,2023-09-20 16:26:51
673,2023-09-21 15:15:55,2023-09-21 16:15:55
674,2023-09-22 15:10:56,2023-09-22 16:10:56
675,2023-09-23 15:41:13,2023-09-23 16:41:13
676,2023-09-24 16:48:02,2023-09-24 17:48:02
677,2023-09-24 19:13:42,2023-09-24 20:13:42
679,2023-09-24 23:55:27,2023-09-25 00:55:27
680,2023-09-27 22:50:44,2023-09-27 23:50:44
681,2023-09-28 20:26:44,2023-09-28 21:26:44
682,2023-09-29 17:09:10,2023-09-29 18:09:10
683,2023-09-30 16:07:24,2023-09-30 17:07:24
685,2023-10-05 18:49:12,2023-10-05 19:49:12
686,2023-10-06 15:45:16,2023-10-06 16:45:16
687,2023-10-07 17:14:50,2023-10-07 18:14:50
688,2023-10-08 14:42:08,2023-10-08 15:42:08
689,2023-10-08 18:33:47,2023-10-08 19:33:47
690,2023-10-12 14:15:41,2023-10-12 15:15:41
691,2023-10-13 14:58:30,2023-10-13 15:58:30
692,2023-10-14 15:20:45,2023-10-14 16:20:45
693,2023-10-15 15:03:15,2023-10-15 16:03:15
695,2023-10-19 15:13:30,2023-10-19 16:13:30
696,2023-10-19 18:35:17,2023-10-19 19:35:17
697,2023-10-20 15:23:32,2023-10-20 16:23:32
698,2023-10-22 00:30:20,2023-10-22 01:30:20
699,2023-10-22 14:06:48,2023-10-22 15:06:48
701,2023-10-23 15:46:14,2023-10-23 16:46:14
708,2023-10-25 17:31:11,2023-10-25 18:31:11
709,2023-10-27 14:20:10,2023-10-27 15:20:10
710,2023-10-28 15:57:27,2023-10-28 16:57:27
711,2023-10-30 17:46:31,2023-10-30 18:46:31
712,2023-10-31 14:38:27,2023-10-31 15:38:27
713,2023-11-01 15:02:51,2023-11-01 16:02:51
714,2023-11-01 20:23:09,2023-11-01 21:23:09
716,2023-11-04 14:50:22,2023-11-04 15:50:22
717,2023-11-04 21:03:07,2023-11-04 22:03:07
718,2023-11-05 13:58:02,2023-11-05 14:58:02
719,2023-11-06 16:01:39,2023-11-06 17:01:39
721,2023-11-07 20:51:38,2023-11-07 21:51:38
722,2023-11-08 14:24:27,2023-11-08 15:24:27
723,2023-11-10 01:16:54,2023-11-10 02:16:54
725,2023-11-10 15:45:00,2023-11-10 16:45:00
726,2023-11-11 15:05:28,2023-11-11 16:05:28
727,2023-11-12 14:58:32,2023-11-12 15:58:32
729,2023-11-13 22:52:39,2023-11-13 23:52:39
730,2023-11-14 23:45:56,2023-11-15 00:45:56
731,2023-11-17 16:04:15,2023-11-17 17:04:15
732,2023-11-17 22:04:04,2023-11-17 23:04:04
733,2023-11-24 18:35:29,2023-11-24 19:35:29
734,2023-11-26 13:40:39,2023-11-26 14:40:39
735,2023-11-26 20:16:52,2023-11-26 21:16:52
736,2023-11-28 12:45:15,2023-11-28 13:45:15
738,2023-11-30 18:54:10,2023-11-30 19:54:10
739,2023-11-30 23:48:14,2023-12-01 00:48:14
740,2023-12-01 02:16:34,2023-12-01 03:16:34
741,2023-12-01 14:07:25,2023-12-01 15:07:25
742,2023-12-02 13:14:07,2023-12-02 14:14:07
743,2023-12-03 17:44:45,2023-12-03 18:44:45
744,2023-12-04 13:12:40,2023-12-04 14:12:40
746,2023-12-07 17:26:18,2023-12-07 18:26:18
747,2023-12-08 13:52:04,2023-12-08 14:52:04
748,2023-12-09 20:09:10,2023-12-09 21:09:10
749,2023-12-10 20:37:11,2023-12-10 21:37:11
750,2023-12-11 01:10:16,2023-12-11 02:10:16
751,2023-12-11 13:32:19,2023-12-11 14:32:19
752,2023-12-12 14:12:28,2023-12-12 15:12:28
753,2023-12-14 13:25:13,2023-12-14 14:25:13
754,2023-12-14 21:13:44,2023-12-14 22:13:44
755,2023-12-15 17:12:28,2023-12-15 18:12:28
756,2023-12-17 17:10:52,2023-12-17 18:10:52
757,2023-12-17 21:50:36,2023-12-17 22:50:36
759,2023-12-19 13:28:39,2023-12-19 14:28:39
760,2023-12-20 13:55:42,2023-12-20 14:55:42
762,2023-12-22 21:17:17,2023-12-22 22:17:17
764,2023-12-23 17:01:07,2023-12-23 18:01:07
766,2023-12-26 17:08:59,2023-12-26 18:08:59
768,2023-12-27 17:39:06,2023-12-27 18:39:06
770,2023-12-28 18:09:33,2023-12-28 19:09:33
771,2023-12-28 23:55:32,2023-12-29 00:55:32
772,2023-12-29 13:31:18,2023-12-29 14:31:18
773,2023-12-30 14:44:58,2023-12-30 15:44:58
774,2023-12-30 21:08:57,2023-12-30 22:08:57
776,2023-12-30 23:49:44,2023-12-31 00:49:44
777,2023-12-31 02:35:06,2023-12-31 03:35:06
778,2023-12-31 14:40:17,2023-12-31 15:40:17
779,2024-01-01 02:14:25,2024-01-01 03:14:25
780,2024-01-01 13:44:45,2024-01-01 14:44:45
781,2024-01-02 16:01:08,2024-01-02 17:01:08
786,2024-01-03 21:51:53,2024-01-03 22:51:53
788,2024-01-04 15:51:35,2024-01-04 16:51:35
789,2024-01-05 19:50:20,2024-01-05 20:50:20
790,2024-01-05 23:56:42,2024-01-06 00:56:42
791,2024-01-06 14:46:52,2024-01-06 15:46:52
792,2024-01-07 17:52:31,2024-01-07 18:52:31
794,2024-01-10 14:00:36,2024-01-10 15:00:36
795,2024-01-11 13:58:48,2024-01-11 14:58:48
796,2024-01-14 14:27:18,2024-01-14 15:27:18
797,2024-01-15 14:05:15,2024-01-15 15:05:15
798,2024-01-16 02:28:45,2024-01-16 03:28:45
799,2024-01-16 15:07:58,2024-01-16 16:07:58
800,2024-01-16 23:46:17,2024-01-17 00:46:17
802,2024-01-17 16:54:16,2024-01-17 17:54:16
804,2024-01-18 16:36:23,2024-01-18 17:36:23
806,2024-01-19 22:42:22,2024-01-19 23:42:22
808,2024-01-20 14:17:02,2024-01-20 15:17:02
809,2024-01-21 02:10:17,2024-01-21 03:10:17
810,2024-01-24 14:55:09,2024-01-24 15:55:09
811,2024-01-26 00:55:02,2024-01-26 01:55:02
813,2024-01-28 23:14:42,2024-01-29 00:14:42
815,2024-01-29 23:39:06,2024-01-30 00:39:06
816,2024-01-30 13:50:48,2024-01-30 14:50:48
817,2024-02-01 20:25:29,2024-02-01 21:25:29
818,2024-02-02 15:47:16,2024-02-02 16:47:16
820,2024-02-04 14:48:24,2024-02-04 15:48:24
821,2024-02-04 22:53:47,2024-02-04 23:53:47
822,2024-02-07 15:20:58,2024-02-07 16:20:58
823,2024-02-09 14:43:00,2024-02-09 15:43:00
824,2024-02-10 14:25:50,2024-02-10 15:25:50
825,2024-02-13 15:40:07,2024-02-13 16:40:07
826,2024-02-14 15:22:03,2024-02-14 16:22:03
827,2024-02-21 00:58:42,2024-02-21 01:58:42
829,2024-02-23 18:19:41,2024-02-23 19:19:41
830,2024-02-24 14:26:58,2024-02-24 15:26:58
831,2024-02-25 14:40:10,2024-02-25 15:40:10
832,2024-02-26 14:58:10,2024-02-26 15:58:10
833,2024-02-26 19:59:52,2024-02-26 20:59:52
834,2024-02-27 14:55:10,2024-02-27 15:55:10
835,2024-02-28 15:02:04,2024-02-28 16:02:04
837,2024-02-29 15:11:44,2024-02-29 16:11:44
839,2024-03-01 19:04:16,2024-03-01 20:04:16
840,2024-03-03 18:06:38,2024-03-03 19:06:38
841,2024-03-04 18:16:49,2024-03-04 19:16:49
842,2024-03-04 20:02:29,2024-03-04 21:02:29
843,2024-03-05 16:03:08,2024-03-05 17:03:08
844,2024-03-05 21:52:58,2024-03-05 22:52:58
845,2024-03-06 19:22:54,2024-03-06 20:22:54
846,2024-03-10 19:35:22,2024-03-10 20:35:22
849,2024-03-11 21:18:47,2024-03-11 22:18:47
851,2024-03-12 17:23:40,2024-03-12 18:23:40
852,2024-03-14 21:38:34,2024-03-14 22:38:34
856,2024-03-25 19:07:38,2024-03-25 20:07:38
857,2024-03-26 16:45:08,2024-03-26 17:45:08
858,2024-03-27 01:09:36,2024-03-27 02:09:36
859,2024-03-28 00:30:56,2024-03-28 01:30:56
860,2024-03-30 17:41:18,2024-03-30 18:41:18
861,2024-03-31 16:05:34,2024-03-31 17:05:34
862,2024-04-01 16:25:17,2024-04-01 17:25:17
863,2024-04-02 16:50:57,2024-04-02 17:50:57
865,2024-04-03 16:41:34,2024-04-03 17:41:34
867,2024-04-04 16:53:10,2024-04-04 17:53:10
868,2024-04-08 23:35:25,2024-04-09 00:35:25
871,2024-04-09 17:47:33,2024-04-09 18:47:33
872,2024-04-11 23:50:29,2024-04-12 00:50:29
873,2024-04-12 15:57:43,2024-04-12 16:57:43
874,2024-04-12 18:09:46,2024-04-12 19:09:46
875,2024-04-15 15:57:14,2024-04-15 16:57:14
876,2024-04-16 16:01:47,2024-04-16 17:01:47
877,2024-04-17 15:11:14,2024-04-17 16:11:14
878,2024-04-18 00:01:15,2024-04-18 01:01:15
879,2024-04-18 15:46:01,2024-04-18 16:46:01
882,2024-04-20 15:57:27,2024-04-20 16:57:27
883,2024-04-20 19:10:46,2024-04-20 20:10:46
884,2024-04-20 22:19:03,2024-04-20 23:19:03
